,Year,Mean_Value,Another_Value
count,4.0,4.0,4.0
mean,2023.5,11.8,10.975
std,1.2909944487358056,1.1690451944500122,0.9742518497116986
min,2022.0,10.5,9.8
25%,2022.75,11.024999999999999,10.4
50%,2023.5,11.8,11.05
75%,2024.25,12.575,11.625
max,2025.0,13.1,12.0
